User_943 , Accumanst@gmail.com , Ижевск
User_908 , Advismowr@mail.ru , Ижевск
User_962 , Anachso@ukr.net , Краснодар
User_973 , Antecia@inbox.ru , Пермь
User_902 , Balliaryva@ukr.net , 
User_976 , Bigbytech@rambler.ru , Краснодар
User_955 , Billionon@rambler.ru , Санкт-Петербург
User_992 , BloggerJan@yahoo , Санкт-Петербург
User_978 , Blueterva@ya.ru , Ижевск
User_939 , Bootrasync@ukr.net , Ярославль
User_974 , Borgueriac@ukr.net , Екатеринбург
User_983 , Boxfixiteicloud.com , Ставрополь
User_932 , BraceWalker@bk.ru , Красноярск
User_903 , Bradleyerat@rambler.ru , Пермь
User_954 , BullSpice@ukr.net , Санкт-Петербург
User_918 , ByteTale@gmail.com , Воронеж
User_906 , CapoGrand@rambler.ru , Арзангелтск
User_941 , Cavotin@bk.ru , Красноярск
User_917 , Chapterpl@yahoo.com , Москва
User_947 , Chicapplin@gmail.com , Воронеж
User_919 , Chikkaverle@icloud.com , Хабаровск
User_1000 , Cincomphite@mail.ru , Тюмень
User_998 , Decitere@mail.ru , Казань
User_949 , DirtyChiri@ya.ru , Красноярск
User_946 , Ever2free@inbox.ru , Санкт-Петербург
User_938 , Exploator@ukr.net , Ярославль
User_934 , EyesRae@inbox.ru , Арзангелтск
User_916 , Fainvenu@icloud.com , Ярославль
User_989 , FestiveAway@inbox.ru , Санкт-Петербург
User_935 , Foreveracis@rambler.ru , Хабаровск
User_966 , ForlifeLatest@yahoo.com , Ижевск
User_928 , FraserBlue@mail.ru , Хабаровск
User_985 , Freenson@inbox.ru , Краснодар
User_960 , GazetteWas@yandex.ru , 
User_950 , GlitzDas@yahoo.com , Санкт-Петербург
User_910 , Gloxixir@ya.ru , Москва
User_977 , Goriness@rambler.ru , Пермь
User_961 , Granilabe@inbox.ru , Арзангелтск
User_967 , Grundymeat@ya.ru , Краснодар
User_972 , Haystenvi@yandex.ru , Санкт-Петербург
User_957 , Hetstact@yandex.ru , Ярославль
User_993 , Hostener@gmail.com , Краснодар
User_991 ,  , Екатеринбург
User_911 , Infernody@ya.ru , Ярославль
User_931 , Inserex@inbox.ru , Воронеж
User_980 , Jectiolo@gmail.com , Арзангелтск
User_952 , JimGlitz@ya.ru , Краснодар
User_990 , Kalismed@bk.ru , Казань
User_912 , Kenjinxte@rambler.ru , Воронеж
User_913 , Kinkenbo@mail.ru , Воронеж
User_984 , Kittysineos@rambler.ru , Санкт-Петербург
User_969 , Knightstra@icloud.com , Красноярск
User_904 , Kryptoburs@yahoo.com , Ярославль
User_953 , Lassour@ukr.net , Краснодар
User_995 , Latinarysa@rambler.ru , Ярославль
User_951 , Lessomaire@rambler.ru , Ставрополь
User_900 , Lipsxiptp@yahoo.com , Санкт-Петербург
User_930 , Loqutio@yandex.ru , Арзангелтск
User_922 , Lyfernozoi@inbox.ru , Хабаровск
User_926 , Magazineli@ya.ru , 
User_982 , Magazinetc@yahoo.com , Ставрополь
User_942 , Mailitry@ya.ru , Москва
User_958 , Manionoe@ukr.net , Ярославль
User_975 , MediaLead@rambler.ru , Пермь
User_933 , MoPoet@yahoo.com , Краснодар
User_987 , Muchiple@yahoo.com , Москва
User_920 , NumClear@bk.ru , Санкт-Петербург
User_964 , NumTrendy@mail.ru , Ярославль
User_937 , Paleoso@ukr.net , Арзангелтск
User_927 , Paviatery@ukr.net , Казань
User_936 , Peytzke@mail.ru , Казань
User_905 , Pinkelysi@ya.ru , Москва
User_986 , PleasantKeeper@ukr.net , Красноярск
User_915 , PongCute@mail.ru , Арзангелтск
User_997 , Prestigenp@inbox.ru , Ярославль
User_971 , PricelessJuz@rambler.ru , Казань
User_909 , Prinesbr@bk.ru , Хабаровск
User_963 , RosesTight@gmail.com , Екатеринбург
User_948 , Roycess@rambler.ru , Хабаровск
User_914 , Sandpoist@gmail.com , Воронеж
User_968 , Schwire@bk.ru , Екатеринбург
User_944 , Seenomvura@yahoo.com , Екатеринбург
User_924 , ShardDivision@icloud.com , Воронеж
User_925 , Sianscot@yandex.ru , Тюмень
User_940 , Somberyant@mail.ru , Пермь
User_988 , SpyderSpin@bk.ru , Арзангелтск
User_999 , Stacile@yahoo.com , Казань
User_981 , Stargalux@gmail.com , Арзангелтск
User_923 , Styledget@rambler.ru , Пермь
User_945 , Sumollerno@inbox.ru , Тюмень
User_979 , SupremeSynchro@rambler.ru , Хабаровск
User_994 , Therick@yahoo.com , Екатеринбург
User_929 , Topictition@rambler.ru , Ижевск
User_907 , Transky@yandex.ru , Красноярск
User_996 , Trantawe@yandex.ru , Краснодар
User_959 , UpdatesCurious@yahoo.com , Тюмень
User_901 , V2artierso@mail.ru , Арзангелтск
User_970 , Vashoterlo@bk.ru , Воронеж
User_965 , Visuareda@yahoo.com , Воронеж
User_921 , Aavast@ya.ru , Ижевск
